Fund Name,P1,P2,P3,P4,P5,Topsis Score,Rank
M1,0.7116400735385328,0.7039149581708161,1.2162584356524215,0.8202965566323223,1.1683510509333586,0.4912231400176518,6
M2,0.7198198444987458,0.7131769970941163,0.9766923801451264,0.9203327220752884,1.2457856235098383,0.5708390832037796,3
M3,0.5153255704934203,0.37048155693200846,1.1978302775364758,1.302971054894634,1.6978668781107578,0.4062659668319504,8
M4,0.7525389283395979,0.7872733084805179,0.921407905797289,0.8678137352177313,1.1808772317913183,0.5933399612147042,2
M5,0.7688984702600239,0.8150594252504186,1.2346865937683673,1.320477383847153,1.7456941141138778,0.4649113633852041,7
M6,0.6380221348966156,0.5649843743213129,0.7924107989856687,1.030372504062551,1.3346076332299184,0.6100910976529894,1
M7,0.7688984702600239,0.8150594252504186,1.0504050126089097,1.1554177108662589,1.529332808385478,0.5378795270436094,5
M8,0.744359157379385,0.7687492306339175,1.013548696377018,0.9428408592999559,1.2799479349406384,0.5660805046503018,4
