Fund Name,P1,P2,P3,P4,P5,Topsis Score,Rank
M1,0.3558200367692664,0.35195747908540803,0.4054194785508072,0.2734321855441074,0.29208776273333964,0.5250639049013203,2
M2,0.3599099222493729,0.35658849854705815,0.32556412671504215,0.30677757402509614,0.3114464058774596,0.44576150124616815,4
M3,0.25766278524671016,0.18524077846600423,0.39927675917882527,0.434323684964878,0.42446671952768944,0.5868207526047144,1
M4,0.37626946416979895,0.39363665424025895,0.30713596859909637,0.2892712450725771,0.2952193079478296,0.41929185208281433,7
M5,0.38444923513001195,0.4075297126252093,0.41156219792278914,0.440159127949051,0.43642352852846944,0.46566861297869305,3
M6,0.3190110674483078,0.28249218716065644,0.2641369329952229,0.34345750135418374,0.3336519083074796,0.43614084072516973,5
M7,0.38444923513001195,0.4075297126252093,0.3501350042029699,0.38513923695541963,0.3823332020963695,0.41543527694505844,8
M8,0.3721795786896925,0.38437461531695877,0.337849565459006,0.3142802864333186,0.3199869837351596,0.4345416189769353,6
