Model,Corr,Rseq,RMSE,Accuracy,Topsis Score,Rank
M1,0.4891664310383652,0.5172777026263693,0.27115095050177834,0.8025184140431033,0.6391330141342587,2
M2,0.4086706892219254,0.3671003050896814,0.6269009975601116,0.8312503920791349,0.21259182969277918,5
M3,0.34675088782466396,0.25863885131318465,0.34056559383023366,0.8286144307914256,0.4078456776130516,4
M4,0.5077423714575436,0.5589936463865603,0.5813476378758128,0.9250906139215868,0.5191532395007472,3
M5,0.4643985104794606,0.46721857011414003,0.2819969885218495,1.0595246395947622,0.8282665851935813,1
